opportunity_id,account_name,deal_name,stage,amount,owner,created_date,close_date,last_activity_date,contact_email,account_owner,days_since_last_activity
OPP-0000,Company 0,Deal 0,proposal,7942.34,David Lee,2025-03-18 18:31:07.910660,2025-06-27 18:31:07.910660,2025-05-20 18:31:07.922776,,David Lee,7
OPP-0001,Company 1,Deal 1,closed-lost,31206.46,Mary Johnson,2025-05-26 18:31:07.910670,2025-07-08 18:31:07.910670,2025-05-26 18:31:07.910670,contact1@company1.com,Mary Johnson,1
OPP-0002,Company 2,Deal 2,negotiation,34187.27,Mary Johnson,2025-01-14 18:31:07.910672,2025-03-22 18:31:07.910672,2025-05-26 18:31:07.922884,contact2@company2.com,Mary Johnson,1
OPP-0003,Company 3,Deal 3,proposal,7543.74,David Lee,2025-05-15 18:31:07.910674,2025-08-15 18:31:07.910674,2025-04-27 18:31:07.922971,contact3@company3.com,David Lee,30
OPP-0004,Company 4,Deal 4,qualification,361733.04,David Lee,2025-02-26 18:31:07.910675,,2025-05-13 18:31:07.923053,contact4@company4.com,David Lee,14
OPP-0005,Company 5,Deal 5,qualification,44835.22,Mike Brown,2025-04-11 18:31:07.910677,,2025-05-26 18:31:07.923132,contact5@company5.com,Mike Brown,1
OPP-0006,Company 6,Deal 6,prospecting,3688.76,Mike Brown,2025-04-23 18:31:07.910678,,2025-04-27 18:31:07.923210,contact6@company6.com,Mike Brown,30
OPP-0007,Company 7,Deal 7,closed-won,58972.73,Mary Johnson,2024-12-01 18:31:07.910680,2025-01-24 18:31:07.910680,2024-12-01 18:31:07.910680,contact7@company7.com,Mary Johnson,177
OPP-0008,Company 8,Deal 8,negotiation,5105.01,Sarah Wilson,2025-03-10 18:31:07.910681,2025-06-13 18:31:07.910681,2025-05-20 18:31:07.923294,,Sarah Wilson,7
OPP-0009,Company 9,Deal 9,negotiation,71727.31,Mary Johnson,2025-04-12 18:31:07.910682,2025-07-01 18:31:07.910682,2025-04-27 18:31:07.923375,contact9@company9.com,Mike Brown,30
OPP-0010,Company 10,Deal 10,prospecting,125228.25,Sarah Wilson,2024-12-23 18:31:07.910684,,2025-05-13 18:31:07.923453,contact10@company10.com,Sarah Wilson,14
OPP-0011,Company 11,Deal 11,closed-lost,6431.59,Sarah Wilson,2025-03-15 18:31:07.910685,2025-06-22 18:31:07.910685,2025-03-15 18:31:07.910685,contact11@company11.com,Sarah Wilson,73
OPP-0012,Company 12,Deal 12,closed-won,93439.01,Mike Brown,2025-05-01 18:31:07.910686,2025-06-06 18:31:07.910686,2025-05-01 18:31:07.910686,contact12@company12.com,Sarah Wilson,26
OPP-0013,Company 13,Deal 13,qualification,40911.7,John Smith,2025-04-10 18:31:07.910687,,2025-05-20 18:31:07.923537,contact13@company13.com,John Smith,7
OPP-0014,Company 14,Deal 14,qualification,75590.83,John Smith,2025-01-26 18:31:07.910689,,2025-05-26 18:31:07.923618,,John Smith,1
OPP-0015,Company 15,Deal 15,qualification,378961.34,David Lee,2025-04-01 18:31:07.910690,,2025-05-26 18:31:07.923696,contact15@company15.com,Sarah Wilson,1
OPP-0016,Company 16,Deal 16,qualification,15243.64,Mike Brown,2025-02-22 18:31:07.910691,,2025-05-20 18:31:07.923772,contact16@company16.com,Mike Brown,7
OPP-0017,Company 17,Deal 17,proposal,7110.98,Sarah Wilson,2025-02-09 18:31:07.910692,2025-04-21 18:31:07.910692,2025-05-13 18:31:07.923849,contact17@company17.com,Sarah Wilson,14
OPP-0018,Company 18,Deal 18,proposal,5800.67,John Smith,2025-03-25 18:31:07.910694,,2025-05-26 18:31:07.923925,contact18@company18.com,John Smith,1
OPP-0019,Company 19,Deal 19,qualification,6478.76,Sarah Wilson,2025-04-09 18:31:07.910695,,2025-05-26 18:31:07.924003,contact19@company19.com,Sarah Wilson,1
OPP-0020,Company 20,Deal 20,negotiation,19620.84,John Smith,2025-03-27 18:31:07.910696,2025-05-24 18:31:07.910696,2025-04-27 18:31:07.924082,contact20@company20.com,John Smith,30
OPP-0021,Company 21,Deal 21,prospecting,36743.92,John Smith,2025-03-07 18:31:07.910697,,2025-03-28 18:31:07.924159,contact21@company21.com,John Smith,60
OPP-0022,Company 22,Deal 22,qualification,33357.44,John Smith,2025-05-01 18:31:07.910698,,2025-05-20 18:31:07.924235,,John Smith,7
OPP-0023,Company 23,Deal 23,proposal,76173.95,Mike Brown,2025-04-21 18:31:07.910700,2025-06-16 18:31:07.910700,2025-05-26 18:31:07.924311,contact23@company23.com,Mike Brown,1
OPP-0024,Company 24,Deal 24,proposal,22460.26,Mary Johnson,2025-05-26 18:31:07.910701,2025-08-01 18:31:07.910701,2025-05-26 18:31:07.924387,,Mary Johnson,1
OPP-0025,Company 25,Deal 25,negotiation,194911.54,Sarah Wilson,2025-05-19 18:31:07.910702,2025-07-14 18:31:07.910702,2025-05-26 18:31:07.924477,contact25@company25.com,Sarah Wilson,1
OPP-0026,Company 26,Deal 26,qualification,14809.36,Mike Brown,2025-02-03 18:31:07.910703,,2025-04-27 18:31:07.924559,contact26@company26.com,David Lee,30
OPP-0027,Company 27,Deal 27,proposal,1303096.29,Mike Brown,2025-02-17 18:31:07.910705,2025-05-25 18:31:07.910705,2025-05-26 18:31:07.924637,,Mike Brown,1
OPP-0028,Company 28,Deal 28,proposal,56302.88,Mike Brown,2025-04-10 18:31:07.910706,2025-05-19 18:31:07.910706,2025-05-20 18:31:07.924714,contact28@company28.com,John Smith,7
OPP-0029,Company 29,Deal 29,prospecting,6089.15,Mike Brown,2025-01-20 18:31:07.910707,,2025-05-26 18:31:07.924791,contact29@company29.com,Mike Brown,1
OPP-0030,Company 30,Deal 30,negotiation,4418.97,Mike Brown,2025-04-01 18:31:07.910708,2025-07-13 18:31:07.910708,2025-05-20 18:31:07.924870,contact30@company30.com,Mike Brown,7
OPP-0031,Company 31,Deal 31,qualification,45420.04,David Lee,2025-05-13 18:31:07.910709,,2025-05-13 18:31:07.924946,contact31@company31.com,David Lee,14
OPP-0032,Company 32,Deal 32,prospecting,15753.31,Sarah Wilson,2025-04-29 18:31:07.910711,,2025-04-27 18:31:07.925023,,Sarah Wilson,30
OPP-0033,Company 33,Deal 33,closed-lost,64279.8,Mike Brown,2025-03-10 18:31:07.910712,2025-05-16 18:31:07.910712,2025-03-10 18:31:07.910712,contact33@company33.com,Mike Brown,78
OPP-0034,Company 34,Deal 34,closed-lost,44795.21,Sarah Wilson,2025-01-17 18:31:07.910713,2025-04-03 18:31:07.910713,2025-01-17 18:31:07.910713,contact34@company34.com,Sarah Wilson,130
OPP-0035,Company 35,Deal 35,closed-won,19747.0,David Lee,2025-02-07 18:31:07.910715,2025-06-04 18:31:07.910715,2025-02-07 18:31:07.910715,contact35@company35.com,David Lee,109
OPP-0036,Company 36,Deal 36,qualification,6184.55,David Lee,2024-12-24 18:31:07.910716,,2025-05-26 18:31:07.925109,,David Lee,1
OPP-0037,Company 37,Deal 37,prospecting,2270.44,Sarah Wilson,2025-05-13 18:31:07.910717,,2025-05-26 18:31:07.925188,contact37@company37.com,Sarah Wilson,1
OPP-0038,Company 38,Deal 38,negotiation,11273.7,John Smith,2025-04-01 18:31:07.910718,2025-05-15 18:31:07.910718,2025-05-26 18:31:07.925264,contact38@company38.com,John Smith,1
OPP-0039,Company 39,Deal 39,proposal,79586.38,Mary Johnson,2025-02-01 18:31:07.910719,2025-03-07 18:31:07.910719,2025-04-27 18:31:07.925340,contact39@company39.com,Mary Johnson,30
OPP-0040,Company 40,Deal 40,prospecting,30367.88,John Smith,2025-05-20 18:31:07.910721,,2025-04-27 18:31:07.925417,contact40@company40.com,John Smith,30
OPP-0041,Company 41,Deal 41,proposal,3399.53,John Smith,2025-05-24 18:31:07.910722,2025-08-29 18:31:07.910722,2025-05-20 18:31:07.925495,contact41@company41.com,John Smith,7
OPP-0042,Company 42,Deal 42,prospecting,28560.26,John Smith,2025-02-05 18:31:07.910723,,2025-05-13 18:31:07.925573,contact42@company42.com,Sarah Wilson,14
OPP-0043,Company 43,Deal 43,closed-lost,39260.57,Mike Brown,2024-12-27 18:31:07.910724,2025-01-27 18:31:07.910724,2024-12-27 18:31:07.910724,,Mike Brown,151
OPP-0044,Company 44,Deal 44,qualification,5850.1,David Lee,2025-02-09 18:31:07.910725,,2025-05-13 18:31:07.925658,contact44@company44.com,David Lee,14
OPP-0045,Company 45,Deal 45,negotiation,27738.81,John Smith,2025-05-09 18:31:07.910727,,2025-05-26 18:31:07.925733,contact45@company45.com,John Smith,1
OPP-0046,Company 46,Deal 46,qualification,24036.12,David Lee,2025-04-19 18:31:07.910728,,2025-04-27 18:31:07.925811,,David Lee,30
OPP-0047,Company 47,Deal 47,proposal,3966.12,Sarah Wilson,2025-02-01 18:31:07.910729,2025-04-07 18:31:07.910729,2025-05-20 18:31:07.925889,contact47@company47.com,Sarah Wilson,7
OPP-0048,Company 48,Deal 48,proposal,37672.33,Mary Johnson,2025-05-12 18:31:07.910730,2025-07-23 18:31:07.910730,2025-05-20 18:31:07.925968,contact48@company48.com,Mary Johnson,7
OPP-0049,Company 49,Deal 49,qualification,51081.45,Sarah Wilson,2025-01-28 18:31:07.910731,,2025-05-20 18:31:07.926044,contact49@company49.com,Sarah Wilson,7
OPP-0050,Company 0,Deal 50,closed-lost,111812.3,Sarah Wilson,2025-04-29 18:31:07.910733,2025-06-17 18:31:07.910733,2025-04-29 18:31:07.910733,contact50@company0.com,Sarah Wilson,28
OPP-0051,Company 1,Deal 51,negotiation,107012.73,Mike Brown,2025-04-18 18:31:07.910734,,2025-05-26 18:31:07.926123,contact51@company1.com,Mary Johnson,1
OPP-0052,Company 2,Deal 52,closed-lost,2789.16,Mary Johnson,2025-05-10 18:31:07.910735,2025-07-16 18:31:07.910735,2025-05-10 18:31:07.910735,contact52@company2.com,Mary Johnson,17
OPP-0053,Company 3,Deal 53,closed-won,5395.19,Sarah Wilson,2025-03-02 18:31:07.910736,,2025-03-02 18:31:07.910736,,Sarah Wilson,86
OPP-0054,Company 4,Deal 54,proposal,47693.62,Sarah Wilson,2025-01-21 18:31:07.910738,2025-05-20 18:31:07.910738,2025-05-26 18:31:07.926270,contact54@company4.com,Sarah Wilson,1
OPP-0055,Company 5,Deal 55,closed-lost,47604.33,Mary Johnson,2025-04-13 18:31:07.910739,2025-05-24 18:31:07.910739,2025-04-13 18:31:07.910739,contact55@company5.com,Mary Johnson,44
OPP-0056,Company 6,Deal 56,prospecting,47694.51,Mary Johnson,2025-05-02 18:31:07.910740,,2025-05-13 18:31:07.926540,contact56@company6.com,Mary Johnson,14
OPP-0057,Company 7,Deal 57,qualification,7124835.78,Sarah Wilson,2025-01-02 18:31:07.910741,,2025-05-26 18:31:07.926750,contact57@company7.com,Sarah Wilson,1
OPP-0058,Company 8,Deal 58,prospecting,51861.7,Mary Johnson,2025-05-14 18:31:07.910743,,2025-05-13 18:31:07.926885,contact58@company8.com,Mary Johnson,14
OPP-0059,Company 9,Deal 59,qualification,120976.12,Sarah Wilson,2025-05-02 18:31:07.910744,,2025-05-26 18:31:07.927033,,Sarah Wilson,1
OPP-0060,Company 10,Deal 60,proposal,92134.31,Sarah Wilson,2025-03-20 18:31:07.910745,2025-06-19 18:31:07.910745,2025-05-20 18:31:07.927199,contact60@company10.com,Sarah Wilson,7
OPP-0061,Company 11,Deal 61,qualification,58517.84,Mike Brown,2025-01-09 18:31:07.910746,,2025-05-26 18:31:07.927313,contact61@company11.com,Mike Brown,1
OPP-0062,Company 12,Deal 62,closed-won,13726.67,John Smith,2025-03-21 18:31:07.910747,,2025-03-21 18:31:07.910747,,John Smith,67
OPP-0063,Company 13,Deal 63,proposal,68765.25,Sarah Wilson,2025-02-07 18:31:07.910749,,2025-05-20 18:31:07.927415,contact63@company13.com,Mary Johnson,7
OPP-0064,Company 14,Deal 64,qualification,6910.26,David Lee,2025-01-01 18:31:07.910750,,2025-05-13 18:31:07.927503,contact64@company14.com,John Smith,14
OPP-0065,Company 15,Deal 65,proposal,15440.85,John Smith,2025-02-05 18:31:07.910751,2025-04-18 18:31:07.910751,2025-05-26 18:31:07.927585,contact65@company15.com,John Smith,1
OPP-0066,Company 16,Deal 66,prospecting,10635.52,John Smith,2025-02-05 18:31:07.910752,,2025-05-20 18:31:07.927664,contact66@company16.com,Mary Johnson,7
OPP-0067,Company 17,Deal 67,closed-won,24904.68,John Smith,2025-04-23 18:31:07.910754,2025-07-29 18:31:07.910754,2025-04-23 18:31:07.910754,contact67@company17.com,David Lee,34
OPP-0068,Company 18,Deal 68,prospecting,709267.37,Mike Brown,2025-02-05 18:31:07.910755,,2025-05-20 18:31:07.927744,contact68@company18.com,John Smith,7
OPP-0069,Company 19,Deal 69,closed-lost,1338.23,Sarah Wilson,2025-05-19 18:31:07.910756,2025-07-24 18:31:07.910756,2025-05-19 18:31:07.910756,contact69@company19.com,Sarah Wilson,8
OPP-0070,Company 20,Deal 70,negotiation,61659.97,Mike Brown,2024-12-10 18:31:07.910757,2025-02-08 18:31:07.910757,2025-05-13 18:31:07.927837,contact70@company20.com,Mike Brown,14
OPP-0071,Company 21,Deal 71,qualification,1960.44,Sarah Wilson,2025-02-03 18:31:07.910758,,2025-04-27 18:31:07.927927,contact71@company21.com,Sarah Wilson,30
OPP-0072,Company 22,Deal 72,prospecting,10851.97,Mike Brown,2025-03-05 18:31:07.910760,,2025-05-13 18:31:07.928013,contact72@company22.com,Mike Brown,14
OPP-0073,Company 23,Deal 73,closed-won,112806.12,Mike Brown,2025-04-15 18:31:07.910761,2025-07-04 18:31:07.910761,2025-04-15 18:31:07.910761,contact73@company23.com,Mike Brown,42
OPP-0074,Company 24,Deal 74,negotiation,24256.02,David Lee,2024-12-09 18:31:07.910762,2025-02-16 18:31:07.910762,2025-05-26 18:31:07.928124,contact74@company24.com,David Lee,1
OPP-0075,Company 25,Deal 75,negotiation,4373.78,Mike Brown,2025-02-15 18:31:07.910763,2025-03-27 18:31:07.910763,2025-05-26 18:31:07.928232,contact75@company25.com,Mike Brown,1
OPP-0076,Company 26,Deal 76,negotiation,7532.97,Mary Johnson,2025-05-21 18:31:07.910764,2025-08-04 18:31:07.910764,2025-05-26 18:31:07.928356,contact76@company26.com,Mary Johnson,1
OPP-0077,Company 27,Deal 77,prospecting,61046.83,David Lee,2025-05-01 18:31:07.910766,,2025-05-20 18:31:07.928454,contact77@company27.com,David Lee,7
OPP-0078,Company 28,Deal 78,proposal,7364.67,Mike Brown,2025-03-24 18:31:07.910768,,2025-05-26 18:31:07.928553,contact78@company28.com,Mike Brown,1
OPP-0079,Company 29,Deal 79,prospecting,30475.79,John Smith,2025-03-29 18:31:07.910769,,2025-05-20 18:31:07.928649,contact79@company29.com,John Smith,7
OPP-0080,Company 30,Deal 80,closed-won,23584.8,Mary Johnson,2025-02-07 18:31:07.910770,,2025-02-07 18:31:07.910770,contact80@company30.com,Mary Johnson,109
OPP-0081,Company 31,Deal 81,negotiation,8288.29,Mary Johnson,2025-01-26 18:31:07.910771,,2025-05-20 18:31:07.928750,contact81@company31.com,Mary Johnson,7
OPP-0082,Company 32,Deal 82,qualification,549034.27,Mary Johnson,2025-04-24 18:31:07.910772,,2025-05-20 18:31:07.928842,contact82@company32.com,Mary Johnson,7
OPP-0083,Company 33,Deal 83,prospecting,57004.1,David Lee,2024-12-28 18:31:07.910773,,2025-05-13 18:31:07.928926,,David Lee,14
OPP-0084,Company 34,Deal 84,qualification,1056.05,Mike Brown,2025-05-06 18:31:07.910775,,2025-05-26 18:31:07.929009,contact84@company34.com,Mike Brown,1
OPP-0085,Company 35,Deal 85,qualification,29134.59,Mike Brown,2025-03-18 18:31:07.910776,,2025-05-26 18:31:07.929084,contact85@company35.com,Mike Brown,1
OPP-0086,Company 36,Deal 86,negotiation,8162.62,John Smith,2025-02-04 18:31:07.910777,2025-03-06 18:31:07.910777,2025-05-13 18:31:07.929158,,John Smith,14
OPP-0087,Company 37,Deal 87,negotiation,79114.39,John Smith,2025-05-23 18:31:07.910778,2025-08-15 18:31:07.910778,2025-05-20 18:31:07.929244,contact87@company37.com,John Smith,7
OPP-0088,Company 38,Deal 88,closed-won,6709.09,Mary Johnson,2025-02-22 18:31:07.910779,,2025-02-22 18:31:07.910779,,Mary Johnson,94
OPP-0089,Company 39,Deal 89,proposal,18543.88,John Smith,2025-03-13 18:31:07.910781,2025-05-28 18:31:07.910781,2025-05-13 18:31:07.929329,contact89@company39.com,John Smith,14
OPP-0090,Company 40,Deal 90,prospecting,46980.17,David Lee,2025-03-26 18:31:07.910782,,2025-05-20 18:31:07.929406,contact90@company40.com,David Lee,7
OPP-0091,Company 41,Deal 91,negotiation,80711.21,Mike Brown,2025-02-22 18:31:07.910783,,2025-05-26 18:31:07.929481,,Mike Brown,1
OPP-0092,Company 42,Deal 92,negotiation,3639.33,Mary Johnson,2025-02-21 18:31:07.910784,2025-05-13 18:31:07.910784,2025-04-27 18:31:07.929559,contact92@company42.com,Mary Johnson,30
OPP-0093,Company 43,Deal 93,proposal,13336.34,John Smith,2024-12-26 18:31:07.910786,2025-02-19 18:31:07.910786,2025-05-13 18:31:07.929633,contact93@company43.com,John Smith,14
OPP-0094,Company 44,Deal 94,negotiation,10803.03,David Lee,2025-04-02 18:31:07.910787,2025-07-03 18:31:07.910787,2025-05-13 18:31:07.929707,contact94@company44.com,David Lee,14
OPP-0095,Company 45,Deal 95,proposal,8266.83,David Lee,2025-01-10 18:31:07.910788,2025-05-09 18:31:07.910788,2025-05-26 18:31:07.929783,,David Lee,1
OPP-0096,Company 46,Deal 96,proposal,311196.98,John Smith,2025-01-16 18:31:07.910789,2025-02-16 18:31:07.910789,2025-05-20 18:31:07.929857,contact96@company46.com,John Smith,7
OPP-0097,Company 47,Deal 97,proposal,40435.87,Mike Brown,2025-04-26 18:31:07.910790,2025-06-28 18:31:07.910790,2025-05-20 18:31:07.929931,contact97@company47.com,John Smith,7
OPP-0098,Company 48,Deal 98,prospecting,3323.17,John Smith,2025-04-17 18:31:07.910792,,2025-05-26 18:31:07.930004,contact98@company48.com,Mary Johnson,1
OPP-0099,Company 49,Deal 99,prospecting,87272.69,Mary Johnson,2025-04-21 18:31:07.910793,,2025-04-27 18:31:07.930076,contact99@company49.com,Mary Johnson,30
OPP-0100,Company 0,Deal 100,prospecting,531380.86,John Smith,2024-12-26 18:31:07.910794,,2025-05-26 18:31:07.930151,contact100@company0.com,John Smith,1
OPP-0101,Company 1,Deal 101,negotiation,103642.0,David Lee,2025-05-21 18:31:07.910795,2025-08-01 18:31:07.910795,2025-03-28 18:31:07.930225,contact101@company1.com,David Lee,60
OPP-0102,Company 2,Deal 102,qualification,2255.09,John Smith,2025-03-22 18:31:07.910796,,2025-05-20 18:31:07.930302,contact102@company2.com,John Smith,7
OPP-0103,Company 3,Deal 103,proposal,10653.55,Mike Brown,2025-03-13 18:31:07.910798,,2025-05-26 18:31:07.930375,contact103@company3.com,Mike Brown,1
OPP-0104,Company 4,Deal 104,closed-lost,147320.64,Sarah Wilson,2025-05-23 18:31:07.910799,2025-08-14 18:31:07.910799,2025-05-23 18:31:07.910799,,Sarah Wilson,4
OPP-0105,Company 5,Deal 105,qualification,7619.73,John Smith,2025-03-09 18:31:07.910800,,2025-05-20 18:31:07.930451,contact105@company5.com,John Smith,7
OPP-0106,Company 6,Deal 106,proposal,42861.49,Mike Brown,2025-01-13 18:31:07.910801,,2025-04-27 18:31:07.930528,contact106@company6.com,Mike Brown,30
OPP-0107,Company 7,Deal 107,negotiation,70400.18,Mike Brown,2025-01-29 18:31:07.910802,2025-05-08 18:31:07.910802,2025-05-13 18:31:07.930602,contact107@company7.com,Mike Brown,14
OPP-0108,Company 8,Deal 108,qualification,5484.08,David Lee,2025-02-03 18:31:07.910804,,2025-04-27 18:31:07.930675,contact108@company8.com,Mike Brown,30
OPP-0109,Company 9,Deal 109,prospecting,20145.01,Mike Brown,2025-02-22 18:31:07.910805,,2025-05-13 18:31:07.930753,contact109@company9.com,Mike Brown,14
OPP-0110,Company 10,Deal 110,qualification,170.39,Mike Brown,2024-11-29 18:31:07.910806,,2025-05-13 18:31:07.930827,contact110@company10.com,Mike Brown,14
OPP-0111,Company 11,Deal 111,qualification,4738.23,Mike Brown,2025-03-26 18:31:07.910808,,2025-04-27 18:31:07.930899,,John Smith,30
OPP-0112,Company 12,Deal 112,closed-lost,15080.35,Mike Brown,2025-03-09 18:31:07.910809,,2025-03-09 18:31:07.910809,contact112@company12.com,Mike Brown,79
OPP-0113,Company 13,Deal 113,closed-won,3389.12,Mary Johnson,2025-01-11 18:31:07.910810,2025-03-10 18:31:07.910810,2025-01-11 18:31:07.910810,contact113@company13.com,Mary Johnson,136
OPP-0114,Company 14,Deal 114,negotiation,254897.54,Mary Johnson,2025-05-01 18:31:07.910811,2025-06-21 18:31:07.910811,2025-05-26 18:31:07.930982,,David Lee,1
OPP-0115,Company 15,Deal 115,closed-won,2578.05,David Lee,2024-11-29 18:31:07.910812,,2024-11-29 18:31:07.910812,contact115@company15.com,David Lee,179
OPP-0116,Company 16,Deal 116,closed-won,11383.65,John Smith,2024-12-05 18:31:07.910813,,2024-12-05 18:31:07.910813,contact116@company16.com,John Smith,173
OPP-0117,Company 17,Deal 117,qualification,26798.76,Mike Brown,2025-04-13 18:31:07.910815,,2025-05-20 18:31:07.931062,,Mary Johnson,7
OPP-0118,Company 18,Deal 118,closed-won,191359.65,John Smith,2025-01-14 18:31:07.910816,2025-05-04 18:31:07.910816,2025-01-14 18:31:07.910816,contact118@company18.com,John Smith,133
OPP-0119,Company 19,Deal 119,proposal,2556.02,John Smith,2025-03-18 18:31:07.910817,2025-06-04 18:31:07.910817,2025-05-26 18:31:07.931142,contact119@company19.com,John Smith,1
OPP-0120,Company 20,Deal 120,closed-won,126089.3,David Lee,2024-12-24 18:31:07.910818,2025-04-18 18:31:07.910818,2024-12-24 18:31:07.910818,contact120@company20.com,David Lee,154
OPP-0121,Company 21,Deal 121,closed-won,22367.17,Mike Brown,2025-01-29 18:31:07.910819,,2025-01-29 18:31:07.910819,,Mike Brown,118
OPP-0122,Company 22,Deal 122,qualification,5053.0,Mike Brown,2025-03-20 18:31:07.910820,,2025-03-28 18:31:07.931224,contact122@company22.com,Mike Brown,60
OPP-0123,Company 23,Deal 123,prospecting,44053.29,Sarah Wilson,2025-05-08 18:31:07.910822,,2025-04-27 18:31:07.931299,contact123@company23.com,Sarah Wilson,30
OPP-0124,Company 24,Deal 124,qualification,29690.71,John Smith,2025-05-07 18:31:07.910823,,2025-05-26 18:31:07.931372,contact124@company24.com,John Smith,1
OPP-0125,Company 25,Deal 125,proposal,8952.38,John Smith,2025-02-03 18:31:07.910824,2025-04-22 18:31:07.910824,2025-05-13 18:31:07.931448,contact125@company25.com,John Smith,14
OPP-0126,Company 26,Deal 126,closed-won,24457.77,Mary Johnson,2025-01-07 18:31:07.910825,,2025-01-07 18:31:07.910825,,Mary Johnson,140
OPP-0127,Company 27,Deal 127,closed-won,12357.64,Sarah Wilson,2025-04-10 18:31:07.910826,2025-08-04 18:31:07.910826,2025-04-10 18:31:07.910826,contact127@company27.com,David Lee,47
OPP-0128,Company 28,Deal 128,prospecting,26115.28,Mary Johnson,2025-05-26 18:31:07.910828,,2025-04-27 18:31:07.931529,,Mary Johnson,30
OPP-0129,Company 29,Deal 129,proposal,59468.14,Mary Johnson,2025-02-26 18:31:07.910832,2025-05-22 18:31:07.910832,2025-05-26 18:31:07.931602,,Mary Johnson,1
OPP-0130,Company 30,Deal 130,proposal,237761.95,Mary Johnson,2025-01-05 18:31:07.910833,2025-03-07 18:31:07.910833,2025-05-20 18:31:07.931678,contact130@company30.com,Mary Johnson,7
OPP-0131,Company 31,Deal 131,qualification,3440.17,David Lee,2025-03-24 18:31:07.910834,,2025-04-27 18:31:07.931751,contact131@company31.com,David Lee,30
OPP-0132,Company 32,Deal 132,prospecting,540121.86,David Lee,2025-04-19 18:31:07.910835,,2025-05-26 18:31:07.931823,contact132@company32.com,David Lee,1
OPP-0133,Company 33,Deal 133,qualification,1178.35,Mary Johnson,2025-04-20 18:31:07.910837,,2025-05-13 18:31:07.931895,contact133@company33.com,Mary Johnson,14
OPP-0134,Company 34,Deal 134,closed-lost,17541.46,Sarah Wilson,2025-01-21 18:31:07.910838,2025-04-09 18:31:07.910838,2025-01-21 18:31:07.910838,contact134@company34.com,Sarah Wilson,126
OPP-0135,Company 35,Deal 135,qualification,53235.24,John Smith,2025-01-08 18:31:07.910839,,2025-05-26 18:31:07.931971,contact135@company35.com,John Smith,1
OPP-0136,Company 36,Deal 136,proposal,33573.35,Sarah Wilson,2025-02-16 18:31:07.910840,,2025-04-27 18:31:07.932046,contact136@company36.com,Sarah Wilson,30
OPP-0137,Company 37,Deal 137,negotiation,8655.5,Mike Brown,2025-03-11 18:31:07.910841,2025-05-19 18:31:07.910841,2025-03-28 18:31:07.932119,contact137@company37.com,Mike Brown,60
OPP-0138,Company 38,Deal 138,proposal,16120.01,David Lee,2025-05-24 18:31:07.910843,2025-06-23 18:31:07.910843,2025-04-27 18:31:07.932192,contact138@company38.com,David Lee,30
OPP-0139,Company 39,Deal 139,closed-lost,10514.37,John Smith,2024-12-17 18:31:07.910844,2025-03-03 18:31:07.910844,2024-12-17 18:31:07.910844,,John Smith,161
OPP-0140,Company 40,Deal 140,closed-lost,9099.3,John Smith,2025-01-13 18:31:07.910845,2025-03-21 18:31:07.910845,2025-01-13 18:31:07.910845,contact140@company40.com,John Smith,134
OPP-0141,Company 41,Deal 141,qualification,78779.11,Mike Brown,2024-11-30 18:31:07.910846,,2025-05-20 18:31:07.932271,contact141@company41.com,Mike Brown,7
OPP-0142,Company 42,Deal 142,proposal,37628.73,Mike Brown,2025-05-17 18:31:07.910847,2025-06-19 18:31:07.910847,2025-04-27 18:31:07.932347,contact142@company42.com,Mike Brown,30
OPP-0143,Company 43,Deal 143,qualification,7790.31,Mary Johnson,2025-05-22 18:31:07.910848,,2025-04-27 18:31:07.932421,,Mary Johnson,30
OPP-0144,Company 44,Deal 144,qualification,84914.47,David Lee,2024-12-27 18:31:07.910850,,2025-05-20 18:31:07.932494,contact144@company44.com,David Lee,7
OPP-0145,Company 45,Deal 145,prospecting,34924.69,David Lee,2025-01-09 18:31:07.910851,,2025-04-27 18:31:07.932569,contact145@company45.com,David Lee,30
OPP-0146,Company 46,Deal 146,negotiation,74555.06,Sarah Wilson,2024-12-06 18:31:07.910852,,2025-05-26 18:31:07.932643,contact146@company46.com,Sarah Wilson,1
OPP-0147,Company 47,Deal 147,proposal,56638.44,Mary Johnson,2025-01-17 18:31:07.910853,2025-02-18 18:31:07.910853,2025-05-20 18:31:07.932715,contact147@company47.com,Mary Johnson,7
OPP-0148,Company 48,Deal 148,prospecting,6351.89,Mary Johnson,2025-05-14 18:31:07.910854,,2025-05-26 18:31:07.932788,,David Lee,1
OPP-0149,Company 49,Deal 149,qualification,9506.48,Mary Johnson,2024-12-10 18:31:07.910856,,2025-05-26 18:31:07.932861,contact149@company49.com,Mary Johnson,1
OPP-0150,Company 0,Deal 150,closed-lost,67571.42,Mary Johnson,2025-01-17 18:31:07.910857,2025-04-30 18:31:07.910857,2025-01-17 18:31:07.910857,contact150@company0.com,Mary Johnson,130
OPP-0151,Company 1,Deal 151,qualification,55025.69,David Lee,2025-03-04 18:31:07.910858,,2025-05-26 18:31:07.932937,contact151@company1.com,David Lee,1
OPP-0152,Company 2,Deal 152,prospecting,21346.6,David Lee,2025-03-23 18:31:07.910859,,2025-05-13 18:31:07.933013,contact152@company2.com,David Lee,14
OPP-0153,Company 3,Deal 153,proposal,26264.96,Mary Johnson,2025-03-25 18:31:07.910860,2025-05-27 18:31:07.910860,2025-05-20 18:31:07.933087,contact153@company3.com,Mary Johnson,7
OPP-0154,Company 4,Deal 154,closed-lost,149716.28,Sarah Wilson,2025-02-15 18:31:07.910862,2025-06-11 18:31:07.910862,2025-02-15 18:31:07.910862,contact154@company4.com,Mary Johnson,101
OPP-0155,Company 5,Deal 155,qualification,9069.23,John Smith,2025-03-15 18:31:07.910863,,2025-05-13 18:31:07.933166,contact155@company5.com,John Smith,14
OPP-0156,Company 6,Deal 156,negotiation,50043.41,John Smith,2025-05-10 18:31:07.910864,2025-07-10 18:31:07.910864,2025-05-26 18:31:07.933244,contact156@company6.com,John Smith,1
OPP-0157,Company 7,Deal 157,negotiation,16264.03,Sarah Wilson,2025-05-18 18:31:07.910865,2025-06-24 18:31:07.910865,2025-05-20 18:31:07.933320,contact157@company7.com,Sarah Wilson,7
OPP-0158,Company 8,Deal 158,qualification,15890.52,Mary Johnson,2025-01-04 18:31:07.910866,,2025-05-20 18:31:07.933394,contact158@company8.com,Mary Johnson,7
OPP-0159,Company 9,Deal 159,negotiation,114481.13,David Lee,2024-12-26 18:31:07.910867,,2025-05-13 18:31:07.933466,contact159@company9.com,David Lee,14
OPP-0160,Company 10,Deal 160,proposal,75972.33,John Smith,2025-04-19 18:31:07.910869,,2025-05-20 18:31:07.933541,,John Smith,7
OPP-0161,Company 11,Deal 161,negotiation,74627.51,Mike Brown,2024-12-15 18:31:07.910870,,2025-05-13 18:31:07.933613,contact161@company11.com,Mike Brown,14
OPP-0162,Company 12,Deal 162,negotiation,156094.71,Mike Brown,2025-02-22 18:31:07.910871,2025-06-03 18:31:07.910871,2025-04-27 18:31:07.933696,contact162@company12.com,Mike Brown,30
OPP-0163,Company 13,Deal 163,proposal,22731.47,Sarah Wilson,2025-02-21 18:31:07.910872,,2025-05-13 18:31:07.933770,contact163@company13.com,Sarah Wilson,14
OPP-0164,Company 14,Deal 164,prospecting,61262.88,Mary Johnson,2025-04-08 18:31:07.910873,,2025-05-26 18:31:07.933843,contact164@company14.com,Mary Johnson,1
OPP-0165,Company 15,Deal 165,closed-won,13830.06,John Smith,2025-03-19 18:31:07.910875,2025-06-23 18:31:07.910875,2025-03-19 18:31:07.910875,contact165@company15.com,John Smith,69
OPP-0166,Company 16,Deal 166,qualification,35819.56,Mary Johnson,2025-03-26 18:31:07.910876,,2025-05-26 18:31:07.933919,,Mary Johnson,1
OPP-0167,Company 17,Deal 167,qualification,18120.25,John Smith,2024-11-30 18:31:07.910877,,2025-04-27 18:31:07.933991,contact167@company17.com,John Smith,30
OPP-0168,Company 18,Deal 168,prospecting,25476.05,Sarah Wilson,2025-03-10 18:31:07.910878,,2025-05-26 18:31:07.934067,contact168@company18.com,Sarah Wilson,1
OPP-0169,Company 19,Deal 169,proposal,53784.23,Sarah Wilson,2025-01-30 18:31:07.910879,2025-03-08 18:31:07.910879,2025-04-27 18:31:07.934142,contact169@company19.com,David Lee,30
OPP-0170,Company 20,Deal 170,negotiation,6455.38,Mike Brown,2025-01-27 18:31:07.910881,,2025-05-20 18:31:07.934215,contact170@company20.com,Mike Brown,7
OPP-0171,Company 21,Deal 171,prospecting,508174.88,Mary Johnson,2025-01-10 18:31:07.910882,,2025-04-27 18:31:07.934288,contact171@company21.com,Mary Johnson,30
OPP-0172,Company 22,Deal 172,proposal,4870.61,Mike Brown,2024-12-16 18:31:07.910883,,2025-05-13 18:31:07.934360,contact172@company22.com,Mike Brown,14
OPP-0173,Company 23,Deal 173,qualification,3564.28,Mary Johnson,2025-03-12 18:31:07.910884,,2025-03-28 18:31:07.934433,,Mary Johnson,60
OPP-0174,Company 24,Deal 174,negotiation,125137.24,Mike Brown,2025-04-22 18:31:07.910885,2025-07-06 18:31:07.910885,2025-05-20 18:31:07.934509,,Mike Brown,7
OPP-0175,Company 25,Deal 175,qualification,72221.57,David Lee,2025-05-26 18:31:07.910887,,2025-05-13 18:31:07.934582,contact175@company25.com,David Lee,14
OPP-0176,Company 26,Deal 176,negotiation,56172.34,David Lee,2025-04-17 18:31:07.910888,2025-07-23 18:31:07.910888,2025-05-20 18:31:07.934655,contact176@company26.com,John Smith,7
OPP-0177,Company 27,Deal 177,proposal,56529.52,David Lee,2025-03-24 18:31:07.910889,2025-06-15 18:31:07.910889,2025-05-20 18:31:07.934727,contact177@company27.com,David Lee,7
OPP-0178,Company 28,Deal 178,closed-lost,21625.53,David Lee,2024-12-28 18:31:07.910890,,2024-12-28 18:31:07.910890,contact178@company28.com,David Lee,150
OPP-0179,Company 29,Deal 179,prospecting,5733.71,John Smith,2025-03-28 18:31:07.910891,,2025-05-13 18:31:07.934803,,Mary Johnson,14
OPP-0180,Company 30,Deal 180,qualification,24678.97,David Lee,2025-03-24 18:31:07.910893,,2025-04-27 18:31:07.934878,,David Lee,30
OPP-0181,Company 31,Deal 181,prospecting,7976.52,Sarah Wilson,2025-02-23 18:31:07.910894,,2025-03-28 18:31:07.934951,contact181@company31.com,Sarah Wilson,60
OPP-0182,Company 32,Deal 182,closed-lost,95099.56,Sarah Wilson,2025-03-16 18:31:07.910895,,2025-03-16 18:31:07.910895,contact182@company32.com,David Lee,72
OPP-0183,Company 33,Deal 183,closed-won,17666.3,John Smith,2025-05-16 18:31:07.910896,2025-06-21 18:31:07.910896,2025-05-16 18:31:07.910896,contact183@company33.com,John Smith,11
OPP-0184,Company 34,Deal 184,qualification,6385.3,David Lee,2025-02-11 18:31:07.910897,,2025-05-13 18:31:07.935030,contact184@company34.com,David Lee,14
OPP-0185,Company 35,Deal 185,negotiation,13601.31,David Lee,2025-05-13 18:31:07.910899,2025-07-14 18:31:07.910899,2025-05-20 18:31:07.935105,,Mike Brown,7
OPP-0186,Company 36,Deal 186,closed-won,40920.94,David Lee,2025-03-28 18:31:07.910900,,2025-03-28 18:31:07.910900,contact186@company36.com,David Lee,60
OPP-0187,Company 37,Deal 187,proposal,9456.08,Mike Brown,2025-04-27 18:31:07.910901,,2025-05-20 18:31:07.935181,contact187@company37.com,Sarah Wilson,7
OPP-0188,Company 38,Deal 188,proposal,6416.77,Mary Johnson,2025-04-22 18:31:07.910902,,2025-05-13 18:31:07.935255,contact188@company38.com,Mary Johnson,14
OPP-0189,Company 39,Deal 189,qualification,31746.28,Mike Brown,2024-12-13 18:31:07.910903,,2025-05-26 18:31:07.935328,contact189@company39.com,John Smith,1
OPP-0190,Company 40,Deal 190,prospecting,31807.26,Mary Johnson,2025-05-22 18:31:07.910904,,2025-05-26 18:31:07.935401,contact190@company40.com,Mary Johnson,1
OPP-0191,Company 41,Deal 191,closed-won,10296.77,David Lee,2025-03-05 18:31:07.910906,2025-06-02 18:31:07.910906,2025-03-05 18:31:07.910906,,David Lee,83
OPP-0192,Company 42,Deal 192,closed-lost,10866.53,David Lee,2025-01-24 18:31:07.910907,2025-02-23 18:31:07.910907,2025-01-24 18:31:07.910907,,David Lee,123
OPP-0193,Company 43,Deal 193,negotiation,31196.93,Mike Brown,2025-03-10 18:31:07.910908,2025-04-28 18:31:07.910908,2025-05-20 18:31:07.935480,contact193@company43.com,Mike Brown,7
OPP-0194,Company 44,Deal 194,qualification,2509.59,Mike Brown,2024-12-24 18:31:07.910909,,2025-05-26 18:31:07.935555,contact194@company44.com,Mike Brown,1
OPP-0195,Company 45,Deal 195,qualification,2667.25,Mary Johnson,2025-03-26 18:31:07.910910,,2025-05-26 18:31:07.935627,contact195@company45.com,Mary Johnson,1
OPP-0196,Company 46,Deal 196,negotiation,7497.57,Sarah Wilson,2025-01-15 18:31:07.910912,2025-02-15 18:31:07.910912,2025-05-26 18:31:07.935699,contact196@company46.com,Sarah Wilson,1
OPP-0197,Company 47,Deal 197,closed-won,15991.77,Mary Johnson,2025-02-27 18:31:07.910913,2025-04-09 18:31:07.910913,2025-02-27 18:31:07.910913,contact197@company47.com,Mary Johnson,89
OPP-0198,Company 48,Deal 198,closed-won,35114.22,Mike Brown,2025-04-15 18:31:07.910914,2025-06-20 18:31:07.910914,2025-04-15 18:31:07.910914,contact198@company48.com,John Smith,42
OPP-0199,Company 49,Deal 199,negotiation,201397.19,Mike Brown,2025-02-27 18:31:07.910915,2025-04-06 18:31:07.910915,2025-05-26 18:31:07.935782,contact199@company49.com,Mary Johnson,1
